frames,Confidence,Ymin,Xmin,Ymax,Xmax,x+y
0,0,0,0,0,0,0
1,0,0,0,0,0,0
2,0,0,0,0,0,0
3,0,0,0,0,0,0
4,0,0,0,0,0,0
5,0,0,0,0,0,0
6,0,0,0,0,0,0
7,0,0,0,0,0,0
8,0,0,0,0,0,0
9,0,0,0,0,0,0
10,0,0,0,0,0,0
11,0,0,0,0,0,0
12,0,0,0,0,0,0
13,0,0,0,0,0,0
14,0,0,0,0,0,0
15,0,0,0,0,0,0
16,0,0,0,0,0,0
17,0,0,0,0,0,0
18,0,0,0,0,0,0
19,0,0,0,0,0,0
20,0,0,0,0,0,0
21,0,0,0,0,0,0
22,0,0,0,0,0,0
23,0,0,0,0,0,0
24,0,0,0,0,0,0
25,0,0,0,0,0,0
26,0,0,0,0,0,0
27,0,0,0,0,0,0
28,78,1,16,480,778,318.75
29,0,0,0,0,0,0
30,78,7,13,479,799,324.5
31,0,0,0,0,0,0
32,0,0,0,0,0,0
33,0,0,0,0,0,0
34,78,25,37,471,724,314.25
35,78,19,18,480,728,311.25
36,0,0,0,0,0,0
37,0,0,0,0,0,0
38,0,0,0,0,0,0
39,0,0,0,0,0,0
40,92,4,7,472,787,317.5
41,78,11,7,479,739,309.0
42,78,2,4,474,790,317.5
43,78,17,29,473,742,315.25
44,0,0,0,0,0,0
45,0,0,0,0,0,0
46,0,0,0,0,0,0
47,0,0,0,0,0,0
48,0,0,0,0,0,0
49,0,0,0,0,0,0
50,0,0,0,0,0,0
51,0,0,0,0,0,0
52,0,0,0,0,0,0
53,0,0,0,0,0,0
54,0,0,0,0,0,0
55,0,0,0,0,0,0
56,0,0,0,0,0,0
57,0,0,0,0,0,0
58,0,0,0,0,0,0
59,0,0,0,0,0,0
60,0,0,0,0,0,0
61,0,0,0,0,0,0
62,0,0,0,0,0,0
63,0,0,0,0,0,0
64,0,0,0,0,0,0
65,0,0,0,0,0,0
66,0,0,0,0,0,0
67,0,0,0,0,0,0
68,78,54,31,480,763,332.0
69,0,0,0,0,0,0
70,0,0,0,0,0,0
71,0,0,0,0,0,0
72,0,0,0,0,0,0
73,0,0,0,0,0,0
74,0,0,0,0,0,0
75,0,0,0,0,0,0
76,78,91,29,469,765,338.5
77,0,0,0,0,0,0
78,0,0,0,0,0,0
79,0,0,0,0,0,0
80,0,0,0,0,0,0
81,0,0,0,0,0,0
82,0,0,0,0,0,0
83,78,18,91,477,736,330.5
84,0,0,0,0,0,0
85,0,0,0,0,0,0
86,78,1,54,475,740,317.5
87,78,7,7,479,770,315.75
88,0,0,0,0,0,0
89,0,0,0,0,0,0
90,0,0,0,0,0,0
91,0,0,0,0,0,0
92,0,0,0,0,0,0
93,0,0,0,0,0,0
94,0,0,0,0,0,0
95,0,0,0,0,0,0
96,0,0,0,0,0,0
97,0,0,0,0,0,0
98,0,0,0,0,0,0
99,0,0,0,0,0,0
100,0,0,0,0,0,0
101,0,0,0,0,0,0
102,0,0,0,0,0,0
103,0,0,0,0,0,0
104,0,0,0,0,0,0
105,0,0,0,0,0,0
106,0,0,0,0,0,0
107,0,0,0,0,0,0
108,0,0,0,0,0,0
109,78,5,56,451,722,308.5
110,78,8,54,468,740,317.5
111,78,8,54,468,740,317.5
112,0,0,0,0,0,0
113,0,0,0,0,0,0
114,78,5,72,451,738,316.5
115,78,8,54,468,740,317.5
116,0,0,0,0,0,0
117,0,0,0,0,0,0
118,0,0,0,0,0,0
119,78,8,54,468,740,317.5
120,0,0,0,0,0,0
121,0,0,0,0,0,0
122,0,0,0,0,0,0
123,78,8,72,468,738,321.5
124,0,0,0,0,0,0
125,0,0,0,0,0,0
126,0,0,0,0,0,0
127,0,0,0,0,0,0
128,0,0,0,0,0,0
129,0,0,0,0,0,0
130,0,0,0,0,0,0
131,0,0,0,0,0,0
132,0,0,0,0,0,0
133,0,0,0,0,0,0
134,78,1,45,458,732,309.0
135,0,0,0,0,0,0
136,0,0,0,0,0,0
137,0,0,0,0,0,0
138,0,0,0,0,0,0
139,0,0,0,0,0,0
140,78,1,12,475,765,313.25
141,0,0,0,0,0,0
142,78,10,40,466,754,317.5
143,0,0,0,0,0,0
144,0,0,0,0,0,0
145,78,18,35,477,743,318.25
146,0,0,0,0,0,0
147,0,0,0,0,0,0
148,0,0,0,0,0,0
149,0,0,0,0,0,0
150,78,4,19,472,751,311.5
151,78,3,17,473,753,311.5
152,78,4,19,472,751,311.5
153,78,1,43,475,751,317.5
154,78,1,54,475,740,317.5
155,0,0,0,0,0,0
156,78,8,35,468,743,313.5
157,78,1,43,475,751,317.5
158,78,1,43,475,751,317.5
159,78,1,43,465,751,315.0
160,78,8,54,468,740,317.5
161,78,1,43,475,751,317.5
162,0,0,0,0,0,0
163,0,0,0,0,0,0
164,78,1,43,475,751,317.5
165,0,0,0,0,0,0
166,0,0,0,0,0,0
167,0,0,0,0,0,0
168,0,0,0,0,0,0
169,0,0,0,0,0,0
170,0,0,0,0,0,0
171,0,0,0,0,0,0
172,0,0,0,0,0,0
173,78,1,20,480,774,318.75
174,78,1,32,480,762,318.75
175,0,0,0,0,0,0
176,78,1,43,479,775,324.5
177,0,0,0,0,0,0
178,78,1,13,480,799,323.25
179,0,0,0,0,0,0
180,78,8,54,468,740,317.5
181,78,18,31,472,763,321.0
182,0,0,0,0,0,0
183,84,7,26,479,661,293.25
184,78,19,7,480,763,317.25
185,0,0,0,0,0,0
186,0,0,0,0,0,0
187,0,0,0,0,0,0
188,84,13,9,480,749,312.75
189,0,0,0,0,0,0
190,0,0,0,0,0,0
191,0,0,0,0,0,0
192,0,0,0,0,0,0
193,0,0,0,0,0,0
194,78,8,35,468,743,313.5
195,0,0,0,0,0,0
196,0,0,0,0,0,0
197,0,0,0,0,0,0
198,78,1,31,450,763,311.25
199,0,0,0,0,0,0
200,0,0,0,0,0,0
201,0,0,0,0,0,0
202,0,0,0,0,0,0
203,0,0,0,0,0,0
204,0,0,0,0,0,0
205,0,0,0,0,0,0
206,0,0,0,0,0,0
207,0,0,0,0,0,0
208,78,1,12,475,765,313.25
209,0,0,0,0,0,0
210,0,0,0,0,0,0
211,0,0,0,0,0,0
212,0,0,0,0,0,0
213,0,0,0,0,0,0
214,0,0,0,0,0,0
215,0,0,0,0,0,0
216,0,0,0,0,0,0
217,0,0,0,0,0,0
218,0,0,0,0,0,0
219,0,0,0,0,0,0
220,0,0,0,0,0,0
221,0,0,0,0,0,0
222,0,0,0,0,0,0
223,0,0,0,0,0,0
224,0,0,0,0,0,0
225,0,0,0,0,0,0
226,0,0,0,0,0,0
227,0,0,0,0,0,0
228,0,0,0,0,0,0
229,0,0,0,0,0,0
230,0,0,0,0,0,0
231,0,0,0,0,0,0
232,0,0,0,0,0,0
233,0,0,0,0,0,0
234,0,0,0,0,0,0
235,0,0,0,0,0,0
236,0,0,0,0,0,0
237,0,0,0,0,0,0
238,0,0,0,0,0,0
239,0,0,0,0,0,0
240,0,0,0,0,0,0
241,0,0,0,0,0,0
242,0,0,0,0,0,0
243,0,0,0,0,0,0
244,0,0,0,0,0,0
245,0,0,0,0,0,0
246,0,0,0,0,0,0
247,0,0,0,0,0,0
248,0,0,0,0,0,0
249,0,0,0,0,0,0
250,78,8,64,468,730,317.5
251,0,0,0,0,0,0
252,0,0,0,0,0,0
253,0,0,0,0,0,0
254,0,0,0,0,0,0
255,0,0,0,0,0,0
256,0,0,0,0,0,0
257,0,0,0,0,0,0
258,0,0,0,0,0,0
259,0,0,0,0,0,0
260,0,0,0,0,0,0
261,0,0,0,0,0,0
262,0,0,0,0,0,0
263,0,0,0,0,0,0
264,0,0,0,0,0,0
265,0,0,0,0,0,0
266,0,0,0,0,0,0
267,0,0,0,0,0,0
268,0,0,0,0,0,0
269,0,0,0,0,0,0
270,0,0,0,0,0,0
271,78,1,62,475,749,321.75
272,0,0,0,0,0,0
273,0,0,0,0,0,0
274,0,0,0,0,0,0
275,0,0,0,0,0,0
276,0,0,0,0,0,0
277,0,0,0,0,0,0
278,0,0,0,0,0,0
279,0,0,0,0,0,0
280,78,1,54,475,740,317.5
281,78,8,62,468,749,321.75
282,78,1,21,480,800,325.5
283,78,1,62,475,749,321.75
284,78,1,54,475,740,317.5
285,0,0,0,0,0,0
286,78,4,42,472,752,317.5
287,0,0,0,0,0,0
288,0,0,0,0,0,0
289,0,0,0,0,0,0
290,0,0,0,0,0,0
291,0,0,0,0,0,0
292,0,0,0,0,0,0
293,0,0,0,0,0,0
294,0,0,0,0,0,0
295,0,0,0,0,0,0
296,0,0,0,0,0,0
297,0,0,0,0,0,0
298,0,0,0,0,0,0
299,0,0,0,0,0,0
300,0,0,0,0,0,0
301,0,0,0,0,0,0
302,0,0,0,0,0,0
303,0,0,0,0,0,0
304,0,0,0,0,0,0
305,0,0,0,0,0,0
306,0,0,0,0,0,0
307,0,0,0,0,0,0
308,0,0,0,0,0,0
309,0,0,0,0,0,0
310,0,0,0,0,0,0
311,0,0,0,0,0,0
312,0,0,0,0,0,0
313,0,0,0,0,0,0
314,0,0,0,0,0,0
315,0,0,0,0,0,0
316,0,0,0,0,0,0
317,0,0,0,0,0,0
318,0,0,0,0,0,0
319,0,0,0,0,0,0
320,0,0,0,0,0,0
321,0,0,0,0,0,0
322,0,0,0,0,0,0
323,0,0,0,0,0,0
324,0,0,0,0,0,0
325,0,0,0,0,0,0
326,0,0,0,0,0,0
327,0,0,0,0,0,0
328,0,0,0,0,0,0
329,0,0,0,0,0,0
330,0,0,0,0,0,0
331,0,0,0,0,0,0
332,0,0,0,0,0,0
333,0,0,0,0,0,0
334,0,0,0,0,0,0
335,78,10,52,437,742,310.25
336,0,0,0,0,0,0
337,0,0,0,0,0,0
338,0,0,0,0,0,0
339,0,0,0,0,0,0
340,0,0,0,0,0,0
341,0,0,0,0,0,0
342,0,0,0,0,0,0
343,0,0,0,0,0,0
344,0,0,0,0,0,0
345,0,0,0,0,0,0
346,0,0,0,0,0,0
347,0,0,0,0,0,0
348,0,0,0,0,0,0
349,0,0,0,0,0,0
350,0,0,0,0,0,0
351,0,0,0,0,0,0
352,0,0,0,0,0,0
353,0,0,0,0,0,0
354,0,0,0,0,0,0
355,0,0,0,0,0,0
356,0,0,0,0,0,0
357,0,0,0,0,0,0
358,0,0,0,0,0,0
359,0,0,0,0,0,0
360,0,0,0,0,0,0
361,0,0,0,0,0,0
362,0,0,0,0,0,0
363,0,0,0,0,0,0
364,0,0,0,0,0,0
365,0,0,0,0,0,0
366,0,0,0,0,0,0
367,0,0,0,0,0,0
368,0,0,0,0,0,0
369,0,0,0,0,0,0
370,78,66,6,480,765,329.25
371,78,79,36,472,776,340.75
372,78,62,58,467,754,335.25
373,0,0,0,0,0,0
374,78,66,17,480,753,329.0
375,78,40,30,480,740,322.5
376,78,40,30,480,740,322.5
377,0,0,0,0,0,0
378,0,0,0,0,0,0
379,0,0,0,0,0,0
380,0,0,0,0,0,0
381,0,0,0,0,0,0
382,0,0,0,0,0,0
383,0,0,0,0,0,0
384,0,0,0,0,0,0
385,0,0,0,0,0,0
386,0,0,0,0,0,0
387,0,0,0,0,0,0
388,0,0,0,0,0,0
389,0,0,0,0,0,0
390,0,0,0,0,0,0
391,0,0,0,0,0,0
392,0,0,0,0,0,0
393,0,0,0,0,0,0
394,0,0,0,0,0,0
395,0,0,0,0,0,0
396,0,0,0,0,0,0
397,0,0,0,0,0,0
398,0,0,0,0,0,0
399,0,0,0,0,0,0
400,0,0,0,0,0,0
401,0,0,0,0,0,0
402,0,0,0,0,0,0
403,0,0,0,0,0,0
404,0,0,0,0,0,0
405,0,0,0,0,0,0
406,0,0,0,0,0,0
407,0,0,0,0,0,0
408,0,0,0,0,0,0
409,0,0,0,0,0,0
410,0,0,0,0,0,0
411,78,11,1,479,751,310.5
412,78,17,6,473,742,309.5
413,78,3,17,473,753,311.5
414,78,10,17,466,730,305.75
415,84,14,12,472,729,306.75
416,84,7,12,479,729,306.75
417,78,3,17,473,730,305.75
418,84,14,23,472,718,306.75
419,78,2,1,474,752,307.25
420,78,4,7,458,739,302.0
421,84,4,7,472,739,305.5
422,84,4,1,472,775,313.0
423,84,17,6,473,765,315.25
424,78,3,1,473,753,307.5
425,0,0,0,0,0,0
426,0,0,0,0,0,0
427,84,11,1,479,775,316.5
428,0,0,0,0,0,0
429,0,0,0,0,0,0
430,84,2,1,474,773,312.5
431,84,3,6,473,765,311.75
432,78,8,26,468,735,309.25
433,84,1,19,465,751,309.0
434,92,1,1,465,775,310.5
435,84,1,7,465,763,309.0
436,0,0,0,0,0,0
437,0,0,0,0,0,0
438,78,4,19,472,751,311.5
439,84,3,6,473,765,311.75
440,78,4,18,458,728,302.0
441,89,7,9,479,749,311.0
442,78,1,1,480,761,310.75
443,78,4,7,472,739,305.5
444,0,0,0,0,0,0
445,0,0,0,0,0,0
446,0,0,0,0,0,0
447,0,0,0,0,0,0
448,0,0,0,0,0,0
449,0,0,0,0,0,0
450,0,0,0,0,0,0
451,78,26,1,479,751,314.25
452,0,0,0,0,0,0
453,0,0,0,0,0,0
454,0,0,0,0,0,0
455,0,0,0,0,0,0
456,0,0,0,0,0,0
457,0,0,0,0,0,0
458,0,0,0,0,0,0
459,0,0,0,0,0,0
460,0,0,0,0,0,0
461,0,0,0,0,0,0
462,78,7,58,479,754,324.5
463,78,1,31,479,787,324.5
464,78,1,1,480,773,313.75
465,78,3,29,473,788,323.25
466,89,4,19,472,775,317.5
467,89,4,7,472,787,317.5
468,92,4,19,472,775,317.5
469,78,1,1,480,800,320.5
470,84,11,31,479,787,327.0
471,89,4,7,472,787,317.5
472,89,1,43,479,775,324.5
473,78,4,19,472,751,311.5
474,0,0,0,0,0,0
475,0,0,0,0,0,0
476,0,0,0,0,0,0
477,0,0,0,0,0,0
478,0,0,0,0,0,0
479,0,0,0,0,0,0
480,0,0,0,0,0,0
481,0,0,0,0,0,0
482,0,0,0,0,0,0
483,0,0,0,0,0,0
484,0,0,0,0,0,0
485,0,0,0,0,0,0
486,0,0,0,0,0,0
487,0,0,0,0,0,0
488,0,0,0,0,0,0
489,0,0,0,0,0,0
490,0,0,0,0,0,0
491,0,0,0,0,0,0
492,0,0,0,0,0,0
493,0,0,0,0,0,0
494,0,0,0,0,0,0
495,0,0,0,0,0,0
496,78,11,7,465,763,311.5
497,78,11,7,465,763,311.5
498,0,0,0,0,0,0
499,78,3,17,459,753,308.0
500,78,10,6,466,765,311.75
501,84,2,1,474,773,312.5
502,78,10,17,466,753,311.5
503,78,14,7,472,770,315.75
504,78,17,18,473,776,321.0
505,78,3,18,473,776,317.5
506,78,18,31,472,763,321.0
507,78,11,19,465,775,317.5
508,78,18,19,458,751,311.5
509,78,10,29,438,765,310.5
510,78,10,52,452,765,319.75
511,0,0,0,0,0,0
512,0,0,0,0,0,0
513,0,0,0,0,0,0
514,0,0,0,0,0,0
515,0,0,0,0,0,0
516,0,0,0,0,0,0
517,0,0,0,0,0,0
518,0,0,0,0,0,0
519,0,0,0,0,0,0
520,0,0,0,0,0,0
521,0,0,0,0,0,0
522,0,0,0,0,0,0
523,0,0,0,0,0,0
524,0,0,0,0,0,0
525,0,0,0,0,0,0
526,0,0,0,0,0,0
527,0,0,0,0,0,0
528,0,0,0,0,0,0
529,0,0,0,0,0,0
530,78,24,52,452,765,323.25
531,0,0,0,0,0,0
532,78,17,29,459,765,317.5
533,0,0,0,0,0,0
534,78,18,19,458,751,311.5
535,78,11,7,465,763,311.5
536,78,18,19,458,775,317.5
537,78,24,17,466,753,315.0
538,0,0,0,0,0,0
539,0,0,0,0,0,0
540,0,0,0,0,0,0
541,0,0,0,0,0,0
542,0,0,0,0,0,0
543,0,0,0,0,0,0
544,0,0,0,0,0,0
545,0,0,0,0,0,0
546,0,0,0,0,0,0
547,78,2,4,474,790,317.5
548,0,0,0,0,0,0
549,0,0,0,0,0,0
550,78,4,19,472,775,317.5
551,78,11,1,465,775,313.0
552,84,2,1,474,800,319.25
553,89,9,4,467,790,317.5
554,84,2,4,474,790,317.5
555,84,9,1,467,781,314.5
556,84,9,1,467,781,314.5
557,84,20,1,478,761,315.0
558,84,32,1,476,761,317.5
559,84,44,1,475,781,325.25
560,78,32,1,476,773,320.5
561,78,33,19,472,751,318.75
562,78,24,18,480,776,324.5
563,78,33,7,480,763,320.75
564,78,33,7,480,763,320.75
565,78,18,4,477,757,314.0
566,78,31,17,480,753,320.25
567,78,17,17,473,753,315.0
568,78,13,1,480,761,313.75
569,78,13,7,480,770,317.5
570,84,20,7,478,770,318.75
571,84,20,16,478,778,323.0
572,84,20,16,478,778,323.0
573,78,32,16,476,778,325.5
574,84,32,4,476,790,325.5
575,78,40,19,480,775,328.5
576,84,50,13,480,799,335.5
577,84,44,13,475,799,332.75
578,84,44,4,475,790,328.25
579,84,44,4,475,790,328.25
580,78,40,19,480,775,328.5
581,84,44,13,475,799,332.75
582,78,67,19,480,775,335.25
583,78,54,19,480,775,332.0
584,84,44,13,475,799,332.75
585,84,39,4,469,790,325.5
586,78,32,24,476,787,329.75
587,78,32,24,476,787,329.75
588,0,0,0,0,0,0
589,0,0,0,0,0,0
590,0,0,0,0,0,0
591,0,0,0,0,0,0
592,0,0,0,0,0,0
593,0,0,0,0,0,0
594,78,1,7,465,763,309.0
595,78,1,7,465,763,309.0
596,78,1,19,465,775,315.0
597,78,1,19,465,775,315.0
598,78,1,19,465,775,315.0
599,78,4,19,472,775,317.5
600,84,1,7,465,763,309.0
601,78,1,7,465,763,309.0
602,78,1,1,465,775,310.5
603,78,4,7,472,787,317.5
604,84,4,19,472,775,317.5
605,78,1,7,465,763,309.0
606,78,1,19,465,775,315.0
607,78,1,18,466,776,315.25
608,84,1,19,465,775,315.0
609,84,2,4,474,790,317.5
610,84,4,7,472,787,317.5
611,84,11,7,465,787,317.5
612,84,11,7,465,787,317.5
613,84,4,7,472,787,317.5
614,84,4,7,472,787,317.5
615,84,11,7,465,787,317.5
616,84,9,1,467,781,314.5
617,84,3,6,473,765,311.75
618,84,14,7,472,770,315.75
619,84,20,16,478,778,323.0
620,78,20,9,478,749,314.0
621,78,17,6,473,742,309.5
622,78,11,7,479,739,309.0
623,78,18,18,472,728,309.0
624,78,8,15,468,746,309.25
625,78,18,18,472,728,309.0
626,78,18,7,472,739,309.0
627,78,18,7,472,739,309.0
628,78,8,15,468,746,309.25
629,78,8,15,468,746,309.25
630,78,17,17,473,730,309.25
631,78,8,15,468,746,309.25
632,78,8,15,468,746,309.25
633,78,17,17,473,730,309.25
634,78,17,17,473,730,309.25
635,78,17,17,473,730,309.25
636,78,17,17,473,730,309.25
637,78,17,6,473,742,309.5
638,78,17,17,473,730,309.25
639,78,17,17,473,730,309.25
640,78,17,17,473,730,309.25
641,78,10,17,466,730,305.75
642,78,8,15,468,746,309.25
643,78,18,18,472,728,309.0
644,0,0,0,0,0,0
645,0,0,0,0,0,0
646,0,0,0,0,0,0
647,0,0,0,0,0,0
648,0,0,0,0,0,0
649,0,0,0,0,0,0
650,0,0,0,0,0,0
651,0,0,0,0,0,0
652,0,0,0,0,0,0
653,0,0,0,0,0,0
654,0,0,0,0,0,0
655,0,0,0,0,0,0
656,0,0,0,0,0,0
657,0,0,0,0,0,0
658,0,0,0,0,0,0
659,0,0,0,0,0,0
660,84,14,4,472,790,320.0
661,78,1,36,480,776,323.25
662,84,10,18,480,776,321.0
663,78,7,1,479,781,317.0
664,78,1,12,480,765,314.5
665,78,4,19,472,775,317.5
666,78,1,1,480,800,320.5
667,78,10,6,480,742,309.5
668,78,1,32,475,762,317.5
669,89,1,7,465,787,315.0
670,78,1,19,479,775,318.5
671,84,4,7,472,787,317.5
672,84,1,7,472,787,316.75
673,89,1,1,479,775,314.0
674,84,1,19,472,775,316.75
675,84,1,19,465,775,315.0
676,89,1,19,479,775,318.5
677,89,1,31,479,787,324.5
678,89,1,19,479,775,318.5
679,89,1,7,479,763,312.5
680,84,1,7,479,787,318.5
681,78,4,7,472,787,317.5
682,78,18,7,472,763,315.0
683,84,11,1,479,775,316.5
684,78,17,17,473,753,315.0
685,0,0,0,0,0,0
686,78,1,1,480,785,316.75
687,78,17,6,473,742,309.5
688,78,11,7,465,763,311.5
689,78,24,6,466,742,309.5
690,78,2,4,474,790,317.5
691,84,3,18,473,776,317.5
692,78,1,16,480,778,318.75
693,84,4,7,472,787,317.5
694,78,4,1,472,775,313.0
695,0,0,0,0,0,0
696,0,0,0,0,0,0
697,0,0,0,0,0,0
698,0,0,0,0,0,0
699,0,0,0,0,0,0
700,0,0,0,0,0,0
701,0,0,0,0,0,0
702,78,11,28,465,718,305.5
703,84,1,7,465,739,303.0
704,78,10,16,466,708,300.0
705,84,1,19,479,751,312.5
706,78,2,16,474,778,317.5
707,0,0,0,0,0,0
708,78,8,26,468,735,309.25
709,0,0,0,0,0,0
710,0,0,0,0,0,0
711,0,0,0,0,0,0
712,0,0,0,0,0,0
713,0,0,0,0,0,0
714,78,1,19,465,751,309.0
715,84,1,31,465,763,315.0
716,78,8,15,468,746,309.25
717,78,1,15,465,746,306.75
718,78,1,15,475,746,309.25
719,84,11,1,465,775,313.0
720,89,1,7,479,787,318.5
721,92,1,19,479,775,318.5
722,89,4,19,472,775,317.5
723,89,1,1,479,775,314.0
724,84,1,31,479,763,318.5
725,84,3,17,473,753,311.5
726,89,4,19,472,775,317.5
727,92,4,7,472,787,317.5
728,89,4,19,472,775,317.5
729,92,4,19,472,775,317.5
730,89,1,19,479,775,318.5
731,89,1,19,479,775,318.5
732,89,1,19,479,775,318.5
733,89,4,7,472,763,311.5
734,92,1,7,479,787,318.5
735,89,11,7,479,787,321.0
736,84,3,6,473,765,311.75
737,89,4,1,472,775,313.0
738,78,15,10,461,718,301.0
739,84,4,7,472,739,305.5
740,78,2,21,474,738,308.75
741,84,9,1,467,761,309.5
742,89,1,7,479,763,312.5
743,84,7,1,479,781,317.0
744,84,7,7,479,770,315.75
745,78,4,7,472,739,305.5
746,84,4,1,472,751,307.0
747,78,11,1,451,727,297.5
748,89,1,7,465,763,309.0
749,92,1,19,465,775,315.0
750,95,4,7,472,787,317.5
751,89,4,1,472,799,319.0
752,89,1,19,479,775,318.5
753,92,4,7,472,763,311.5
754,78,4,18,458,728,302.0
755,89,1,1,479,775,314.0
756,89,4,31,472,763,317.5
757,89,1,19,465,751,309.0
758,78,14,1,472,781,317.0
759,78,20,4,478,790,323.0
760,0,0,0,0,0,0
761,0,0,0,0,0,0
762,0,0,0,0,0,0
763,0,0,0,0,0,0
764,0,0,0,0,0,0
765,0,0,0,0,0,0
766,0,0,0,0,0,0
767,0,0,0,0,0,0
768,0,0,0,0,0,0
769,0,0,0,0,0,0
770,0,0,0,0,0,0
771,0,0,0,0,0,0
772,0,0,0,0,0,0
773,78,1,7,465,763,309.0
774,78,11,7,465,739,305.5
775,0,0,0,0,0,0
776,78,1,15,465,746,306.75
777,78,1,7,458,737,300.75
778,78,1,4,475,757,309.25
779,0,0,0,0,0,0
780,0,0,0,0,0,0
781,0,0,0,0,0,0
782,0,0,0,0,0,0
783,78,3,6,459,742,302.5
784,78,10,6,466,742,306.0
785,78,1,15,475,746,309.25
786,78,1,15,475,746,309.25
787,0,0,0,0,0,0
788,0,0,0,0,0,0
789,0,0,0,0,0,0
790,78,1,23,475,754,313.25
791,78,11,19,479,751,315.0
792,78,1,35,475,743,313.5
793,78,1,15,475,746,309.25
794,78,1,19,465,775,315.0
795,78,1,43,475,751,317.5
796,89,4,31,472,763,317.5
797,89,4,1,472,775,313.0
798,84,1,7,479,787,318.5
799,78,4,7,472,763,311.5
800,0,0,0,0,0,0
801,78,17,1,473,753,311.0
802,78,17,6,473,765,315.25
803,78,31,1,480,753,316.25
804,0,0,0,0,0,0
805,78,1,4,475,757,309.25
806,78,26,7,479,739,312.75
807,78,40,19,480,751,322.5
808,0,0,0,0,0,0
809,0,0,0,0,0,0
810,78,17,5,473,719,303.5
811,0,0,0,0,0,0
812,0,0,0,0,0,0
813,0,0,0,0,0,0
814,0,0,0,0,0,0
815,0,0,0,0,0,0
816,0,0,0,0,0,0
817,78,10,6,466,742,306.0
818,78,4,7,472,763,311.5
819,78,4,7,472,763,311.5
820,0,0,0,0,0,0
821,0,0,0,0,0,0
822,0,0,0,0,0,0
823,0,0,0,0,0,0
824,0,0,0,0,0,0
825,0,0,0,0,0,0
826,0,0,0,0,0,0
827,0,0,0,0,0,0
828,0,0,0,0,0,0
829,0,0,0,0,0,0
830,0,0,0,0,0,0
831,0,0,0,0,0,0
832,0,0,0,0,0,0
833,0,0,0,0,0,0
834,0,0,0,0,0,0
835,78,8,37,468,724,309.25
836,0,0,0,0,0,0
837,0,0,0,0,0,0
838,78,1,35,475,743,313.5
839,78,8,26,468,735,309.25
840,78,8,26,468,735,309.25
841,0,0,0,0,0,0
842,0,0,0,0,0,0
843,0,0,0,0,0,0
844,0,0,0,0,0,0
845,0,0,0,0,0,0
846,0,0,0,0,0,0
847,0,0,0,0,0,0
848,0,0,0,0,0,0
849,0,0,0,0,0,0
850,0,0,0,0,0,0
851,0,0,0,0,0,0
852,0,0,0,0,0,0
853,0,0,0,0,0,0
854,0,0,0,0,0,0
855,0,0,0,0,0,0
856,0,0,0,0,0,0
857,0,0,0,0,0,0
858,0,0,0,0,0,0
859,0,0,0,0,0,0
860,0,0,0,0,0,0
861,0,0,0,0,0,0
862,0,0,0,0,0,0
863,0,0,0,0,0,0
864,0,0,0,0,0,0
865,0,0,0,0,0,0
866,0,0,0,0,0,0
867,0,0,0,0,0,0
868,0,0,0,0,0,0
869,0,0,0,0,0,0
870,0,0,0,0,0,0
871,0,0,0,0,0,0
872,0,0,0,0,0,0
873,0,0,0,0,0,0
874,0,0,0,0,0,0
875,0,0,0,0,0,0
876,78,32,16,476,778,325.5
877,0,0,0,0,0,0
878,78,20,36,478,776,327.5
879,0,0,0,0,0,0
880,78,17,39,473,731,315.0
881,78,26,42,479,752,324.75
882,78,25,16,480,778,324.75
883,78,38,52,480,765,333.75
884,84,13,13,480,799,326.25
885,78,26,19,479,775,324.75
886,78,1,32,475,762,317.5
887,78,1,23,475,754,313.25
888,78,11,19,465,751,311.5
889,0,0,0,0,0,0
890,78,10,29,480,765,321.0
891,0,0,0,0,0,0
892,0,0,0,0,0,0
893,0,0,0,0,0,0
894,0,0,0,0,0,0
895,0,0,0,0,0,0
896,0,0,0,0,0,0
897,78,1,27,480,767,318.75
898,0,0,0,0,0,0
899,0,0,0,0,0,0
900,78,8,37,468,724,309.25
901,78,8,45,468,732,313.25
902,78,8,37,468,724,309.25
903,78,15,37,461,724,309.25
904,78,15,47,461,714,309.25
905,0,0,0,0,0,0
906,78,15,37,461,724,309.25
907,0,0,0,0,0,0
908,78,15,37,461,724,309.25
909,78,15,37,461,724,309.25
910,78,15,37,461,724,309.25
911,78,15,37,461,724,309.25
912,78,15,37,461,724,309.25
913,78,15,29,461,716,305.25
914,0,0,0,0,0,0
915,0,0,0,0,0,0
916,0,0,0,0,0,0
917,0,0,0,0,0,0
918,0,0,0,0,0,0
919,0,0,0,0,0,0
920,0,0,0,0,0,0
921,0,0,0,0,0,0
922,0,0,0,0,0,0
923,0,0,0,0,0,0
924,78,15,37,461,724,309.25
925,0,0,0,0,0,0
926,0,0,0,0,0,0
927,0,0,0,0,0,0
928,0,0,0,0,0,0
929,78,15,47,461,714,309.25
930,78,8,37,468,724,309.25
931,0,0,0,0,0,0
932,78,1,16,480,778,318.75
933,0,0,0,0,0,0
934,0,0,0,0,0,0
935,78,39,18,469,758,321.0
936,78,2,13,474,799,322.0
937,84,4,31,472,787,323.5
938,78,3,40,473,754,317.5
939,0,0,0,0,0,0
940,78,8,43,468,751,317.5
941,0,0,0,0,0,0
942,0,0,0,0,0,0
943,0,0,0,0,0,0
944,0,0,0,0,0,0
945,0,0,0,0,0,0
946,0,0,0,0,0,0
947,0,0,0,0,0,0
948,0,0,0,0,0,0
949,0,0,0,0,0,0
950,0,0,0,0,0,0
951,78,11,7,465,763,311.5
952,0,0,0,0,0,0
953,78,7,13,479,799,324.5
954,0,0,0,0,0,0
955,0,0,0,0,0,0
956,0,0,0,0,0,0
957,0,0,0,0,0,0
958,0,0,0,0,0,0
959,0,0,0,0,0,0
960,78,8,54,468,740,317.5
961,0,0,0,0,0,0
962,78,1,23,475,754,313.25
963,0,0,0,0,0,0
964,0,0,0,0,0,0
965,0,0,0,0,0,0
966,0,0,0,0,0,0
967,0,0,0,0,0,0
968,78,8,37,468,724,309.25
969,78,3,28,459,720,302.5
970,84,1,16,480,778,318.75
971,84,1,4,480,790,318.75
972,0,0,0,0,0,0
973,0,0,0,0,0,0
974,0,0,0,0,0,0
975,0,0,0,0,0,0
976,0,0,0,0,0,0
977,0,0,0,0,0,0
978,0,0,0,0,0,0
979,0,0,0,0,0,0
980,0,0,0,0,0,0
981,0,0,0,0,0,0
982,0,0,0,0,0,0
983,0,0,0,0,0,0
984,0,0,0,0,0,0
985,0,0,0,0,0,0
986,0,0,0,0,0,0
987,0,0,0,0,0,0
988,0,0,0,0,0,0
989,0,0,0,0,0,0
990,0,0,0,0,0,0
991,0,0,0,0,0,0
992,0,0,0,0,0,0
993,0,0,0,0,0,0
994,0,0,0,0,0,0
995,0,0,0,0,0,0
996,0,0,0,0,0,0
997,0,0,0,0,0,0
998,0,0,0,0,0,0
999,0,0,0,0,0,0
1000,0,0,0,0,0,0
1001,0,0,0,0,0,0
1002,0,0,0,0,0,0
1003,0,0,0,0,0,0
1004,0,0,0,0,0,0
1005,0,0,0,0,0,0
1006,84,44,47,475,765,332.75
1007,84,10,40,466,754,317.5
1008,84,3,29,473,765,317.5
1009,89,4,31,472,763,317.5
1010,89,4,43,472,775,323.5
1011,89,3,41,473,777,323.5
1012,89,4,31,472,763,317.5
1013,84,4,31,472,763,317.5
1014,84,4,43,472,775,323.5
1015,89,4,19,472,775,317.5
1016,89,4,19,472,775,317.5
1017,84,4,31,472,787,323.5
1018,84,4,7,472,763,311.5
1019,78,4,7,472,763,311.5
1020,78,1,19,465,775,315.0
1021,0,0,0,0,0,0
1022,78,1,19,472,775,316.75
1023,78,1,7,465,763,309.0
1024,78,1,31,465,763,315.0
1025,78,1,19,472,775,316.75
1026,78,1,19,465,751,309.0
1027,78,1,19,472,775,316.75
1028,78,1,12,475,765,313.25
1029,78,3,17,473,753,311.5
1030,78,1,31,479,763,318.5
1031,78,1,19,472,775,316.75
1032,78,1,12,475,765,313.25
1033,78,1,19,472,775,316.75
1034,78,1,12,475,765,313.25
1035,78,1,12,465,765,310.75
1036,78,1,12,475,765,313.25
1037,78,1,12,475,765,313.25
1038,78,1,12,475,765,313.25
1039,78,1,23,475,754,313.25
1040,78,1,12,475,765,313.25
1041,78,1,12,475,765,313.25
1042,78,1,12,475,765,313.25
1043,78,1,23,475,754,313.25
1044,0,0,0,0,0,0
1045,78,1,23,475,754,313.25
1046,78,1,12,475,765,313.25
1047,78,1,12,475,765,313.25
1048,78,1,19,472,751,310.75
1049,78,1,12,475,765,313.25
1050,78,1,23,475,754,313.25
1051,78,1,12,475,765,313.25
1052,78,1,19,465,751,309.0
1053,78,1,23,475,754,313.25
1054,78,1,19,465,751,309.0
1055,78,1,19,465,751,309.0
1056,78,1,7,465,763,309.0
1057,78,1,23,475,754,313.25
1058,78,1,19,465,751,309.0
1059,78,1,19,465,751,309.0
1060,84,1,19,465,751,309.0
1061,78,1,15,475,746,309.25
1062,78,1,19,465,751,309.0
1063,78,1,19,465,751,309.0
1064,84,1,7,479,763,312.5
1065,84,4,7,472,763,311.5
1066,78,4,19,472,775,317.5
1067,78,1,12,480,765,314.5
1068,78,1,31,479,763,318.5
1069,78,1,32,480,762,318.75
1070,78,1,20,480,774,318.75
1071,78,1,31,479,763,318.5
1072,78,1,32,480,762,318.75
1073,78,1,31,479,763,318.5
1074,78,1,31,479,763,318.5
1075,0,0,0,0,0,0
1076,0,0,0,0,0,0
1077,78,1,32,480,762,318.75
1078,78,1,31,479,763,318.5
1079,78,1,31,479,763,318.5
1080,0,0,0,0,0,0
1081,0,0,0,0,0,0
1082,0,0,0,0,0,0
1083,78,1,31,479,763,318.5
1084,78,1,32,480,762,318.75
1085,0,0,0,0,0,0
1086,78,1,43,479,775,324.5
1087,78,1,31,479,763,318.5
1088,78,1,40,480,771,323.0
1089,78,1,31,479,763,318.5
1090,78,4,31,472,763,317.5
1091,78,4,31,472,787,323.5
1092,0,0,0,0,0,0
1093,0,0,0,0,0,0
1094,78,1,40,480,771,323.0
1095,0,0,0,0,0,0
1096,78,1,43,465,775,321.0
1097,0,0,0,0,0,0
1098,0,0,0,0,0,0
1099,78,1,20,480,774,318.75
1100,0,0,0,0,0,0
1101,78,1,31,457,763,313.0
1102,92,4,7,472,787,317.5
1103,92,11,1,465,775,313.0
1104,0,0,0,0,0,0
1105,0,0,0,0,0,0
1106,0,0,0,0,0,0
1107,0,0,0,0,0,0
1108,0,0,0,0,0,0
1109,0,0,0,0,0,0
1110,0,0,0,0,0,0
1111,0,0,0,0,0,0
1112,0,0,0,0,0,0
1113,0,0,0,0,0,0
1114,0,0,0,0,0,0
1115,0,0,0,0,0,0
1116,0,0,0,0,0,0
1117,78,15,45,461,732,313.25
1118,78,8,26,468,735,309.25
1119,0,0,0,0,0,0
1120,0,0,0,0,0,0
1121,0,0,0,0,0,0
1122,78,3,17,473,753,311.5
1123,78,1,29,466,765,315.25
1124,78,11,7,465,763,311.5
1125,0,0,0,0,0,0
1126,78,1,1,426,800,307.0
1127,84,12,45,443,785,321.25
1128,78,23,78,453,752,326.5
1129,78,33,97,464,751,336.25
1130,78,39,125,469,740,343.25
1131,78,39,125,469,740,343.25
1132,78,27,143,471,740,345.25
1133,78,39,152,469,731,347.75
1134,78,28,126,459,722,333.75
1135,78,28,126,459,722,333.75
1136,84,28,107,459,722,329.0
1137,78,23,117,453,695,322.0
1138,84,23,89,453,723,322.0
1139,84,16,88,460,742,326.5
1140,84,16,78,460,752,326.5
1141,84,16,88,460,742,326.5
1142,84,11,86,455,761,328.25
1143,89,29,86,447,761,330.75
1144,89,23,78,453,752,326.5
1145,84,36,56,440,773,326.25
1146,84,35,67,452,763,329.25
1147,84,33,67,464,763,331.75
1148,89,28,56,459,773,329.0
1149,84,28,76,459,772,333.75
1150,89,23,85,453,780,335.25
1151,84,28,95,459,770,338.0
1152,84,23,106,453,760,335.5
1153,78,23,106,453,760,335.5
1154,0,0,0,0,0,0
1155,78,21,106,465,760,338.0
1156,78,21,106,465,760,338.0
1157,78,33,124,464,759,345.0
1158,78,21,134,465,749,342.25
1159,78,27,124,471,759,345.25
1160,0,0,0,0,0,0
1161,78,33,115,464,769,345.25
1162,78,33,124,464,759,345.0
1163,0,0,0,0,0,0
1164,78,21,106,465,760,338.0
1165,78,28,124,459,759,342.5
1166,78,28,124,459,759,342.5
1167,78,28,115,459,769,342.75
1168,78,21,115,465,769,342.5
1169,78,21,95,465,770,337.75
1170,78,21,124,465,759,342.25
1171,0,0,0,0,0,0
1172,78,21,104,465,779,342.25
1173,78,21,115,465,769,342.5
1174,78,21,115,465,769,342.5
1175,78,27,104,471,779,345.25
1176,78,21,95,465,770,337.75
1177,78,28,104,459,779,342.5
1178,78,21,115,465,769,342.5
1179,78,23,115,453,769,340.0
1180,78,23,106,453,760,335.5
1181,78,23,95,453,770,335.25
1182,78,23,106,453,760,335.5
1183,78,23,95,453,770,335.25
1184,78,23,95,453,770,335.25
1185,78,23,106,453,760,335.5
1186,78,23,106,453,760,335.5
1187,78,23,115,453,769,340.0
1188,78,23,115,453,769,340.0
1189,78,23,115,453,769,340.0
1190,78,23,95,453,770,335.25
1191,78,21,86,465,761,333.25
1192,78,16,95,460,770,335.25
1193,78,9,65,467,782,330.75
1194,0,0,0,0,0,0
1195,0,0,0,0,0,0
1196,0,0,0,0,0,0
1197,0,0,0,0,0,0
1198,0,0,0,0,0,0
1199,0,0,0,0,0,0
1200,0,0,0,0,0,0
1201,0,0,0,0,0,0
1202,0,0,0,0,0,0
1203,0,0,0,0,0,0
1204,78,47,7,480,763,324.25
1205,78,43,40,480,736,324.75
1206,78,31,17,480,753,320.25
1207,78,25,40,480,736,320.25
1208,78,26,19,479,751,318.75
1209,78,13,38,480,756,321.75
1210,78,18,38,480,756,323.0
1211,78,24,29,480,765,324.5
1212,78,13,29,480,747,317.25
1213,78,13,29,480,747,317.25
1214,78,13,29,480,747,317.25
1215,78,13,29,480,747,317.25
1216,78,24,17,480,753,318.5
1217,78,24,17,480,753,318.5
1218,78,31,40,480,736,321.75
1219,78,31,17,480,753,320.25
1220,78,25,40,480,736,320.25
1221,78,31,51,480,725,321.75
1222,78,38,17,480,753,322.0
1223,78,47,19,480,751,324.25
1224,78,25,51,480,725,320.25
1225,84,20,40,478,736,318.5
1226,84,20,21,478,738,314.25
1227,84,13,51,480,725,317.25
1228,84,13,40,480,736,317.25
1229,84,13,29,480,747,317.25
1230,84,13,29,480,747,317.25
1231,84,13,40,480,736,317.25
1232,84,20,60,478,734,323.0
1233,78,32,40,476,736,321.0
1234,84,20,29,478,747,318.5
1235,84,13,9,480,749,312.75
1236,84,7,9,479,749,311.0
1237,84,7,21,479,738,311.25
1238,84,20,21,478,738,314.25
1239,84,20,21,478,738,314.25
1240,84,20,40,478,736,318.5
1241,84,20,21,478,738,314.25
1242,84,20,21,478,738,314.25
1243,84,20,21,478,738,314.25
1244,84,20,21,478,738,314.25
1245,78,20,21,478,738,314.25
1246,84,20,21,478,738,314.25
1247,84,20,21,478,738,314.25
1248,84,27,21,471,738,314.25
1249,84,27,21,471,738,314.25
1250,84,20,31,478,727,314.0
1251,84,20,31,478,727,314.0
1252,78,27,21,471,738,314.25
1253,78,20,9,478,749,314.0
1254,78,32,21,476,738,316.75
1255,78,20,31,478,727,314.0
1256,84,7,40,479,736,315.5
1257,78,19,19,480,751,317.25
1258,84,7,1,479,752,309.75
1259,84,7,1,479,761,312.0
1260,0,0,0,0,0,0
1261,0,0,0,0,0,0
1262,0,0,0,0,0,0
1263,0,0,0,0,0,0
1264,0,0,0,0,0,0
1265,0,0,0,0,0,0
1266,0,0,0,0,0,0
1267,0,0,0,0,0,0
1268,0,0,0,0,0,0
1269,0,0,0,0,0,0
1270,0,0,0,0,0,0
1271,0,0,0,0,0,0
1272,0,0,0,0,0,0
1273,0,0,0,0,0,0
1274,0,0,0,0,0,0
1275,0,0,0,0,0,0
1276,0,0,0,0,0,0
1277,0,0,0,0,0,0
1278,0,0,0,0,0,0
1279,0,0,0,0,0,0
1280,0,0,0,0,0,0
1281,0,0,0,0,0,0
1282,0,0,0,0,0,0
1283,0,0,0,0,0,0
1284,0,0,0,0,0,0
1285,78,9,56,467,773,326.25
1286,78,2,56,474,773,326.25
1287,78,9,56,467,773,326.25
1288,78,21,56,465,773,328.75
1289,78,21,45,465,785,329.0
1290,78,11,54,465,764,323.5
1291,78,17,52,459,765,323.25
1292,78,10,52,466,765,323.25
1293,78,10,52,466,765,323.25
1294,78,9,16,467,778,317.5
1295,78,9,4,467,790,317.5
1296,78,17,41,459,777,323.5
1297,78,16,16,460,778,317.5
1298,78,4,31,458,763,314.0
1299,78,16,4,460,790,317.5
1300,78,9,4,467,790,317.5
1301,78,4,43,458,775,320.0
1302,78,9,4,467,790,317.5
1303,78,11,13,455,799,319.5
1304,78,10,52,452,765,319.75
1305,78,11,43,451,775,320.0
1306,78,9,13,467,799,322.0
1307,84,11,13,455,799,319.5
1308,78,9,4,467,790,317.5
1309,78,16,24,460,787,321.75
1310,78,16,4,460,790,317.5
1311,78,9,4,467,790,317.5
1312,78,16,13,460,799,322.0
1313,78,17,52,459,765,323.25
1314,78,23,4,453,790,317.5
1315,78,17,52,459,765,323.25
1316,78,16,4,460,790,317.5
1317,78,17,52,459,765,323.25
1318,78,16,4,460,790,317.5
1319,78,9,24,467,787,321.75
1320,78,16,24,460,787,321.75
1321,78,16,13,460,799,322.0
1322,78,16,24,460,787,321.75
1323,78,16,4,460,790,317.5
1324,78,16,13,460,799,322.0
1325,78,23,4,453,790,317.5
1326,78,16,24,460,787,321.75
1327,78,11,43,451,775,320.0
1328,78,11,31,451,763,314.0
1329,78,11,13,455,799,319.5
1330,78,11,13,455,799,319.5
1331,78,11,13,455,799,319.5
1332,78,9,4,467,790,317.5
1333,78,10,52,452,765,319.75
1334,78,17,52,445,765,319.75
1335,78,16,13,460,799,322.0
1336,78,16,13,460,799,322.0
1337,78,16,13,460,799,322.0
1338,78,16,4,460,790,317.5
1339,78,11,4,455,790,315.0
1340,78,9,13,467,799,322.0
1341,78,17,40,459,754,317.5
1342,78,17,52,445,765,319.75
1343,78,16,13,460,799,322.0
1344,78,16,13,460,799,322.0
1345,78,9,4,467,790,317.5
1346,78,18,19,472,775,321.0
1347,89,20,4,478,790,323.0
1348,84,25,16,480,778,324.75
1349,0,0,0,0,0,0
1350,0,0,0,0,0,0
1351,0,0,0,0,0,0
1352,0,0,0,0,0,0
1353,0,0,0,0,0,0
1354,0,0,0,0,0,0
1355,0,0,0,0,0,0
1356,0,0,0,0,0,0
1357,0,0,0,0,0,0
1358,0,0,0,0,0,0
1359,0,0,0,0,0,0
1360,0,0,0,0,0,0
1361,0,0,0,0,0,0
1362,78,1,32,475,762,317.5
1363,0,0,0,0,0,0
1364,78,11,23,480,754,317.0
1365,0,0,0,0,0,0
1366,0,0,0,0,0,0
1367,0,0,0,0,0,0
1368,0,0,0,0,0,0
1369,0,0,0,0,0,0
1370,0,0,0,0,0,0
1371,0,0,0,0,0,0
1372,0,0,0,0,0,0
1373,0,0,0,0,0,0
1374,0,0,0,0,0,0
1375,0,0,0,0,0,0
1376,0,0,0,0,0,0
1377,0,0,0,0,0,0
1378,0,0,0,0,0,0
1379,0,0,0,0,0,0
1380,0,0,0,0,0,0
1381,0,0,0,0,0,0
1382,0,0,0,0,0,0
1383,0,0,0,0,0,0
1384,0,0,0,0,0,0
1385,78,7,42,479,716,311.0
1386,78,1,1,480,761,310.75
1387,78,4,19,472,751,311.5
1388,78,1,7,465,763,309.0
1389,78,1,6,466,765,309.5
1390,78,3,29,459,765,314.0
1391,78,1,17,466,753,309.25
1392,78,3,17,459,753,308.0
1393,84,1,36,456,776,317.25
1394,84,1,7,469,770,311.75
1395,78,2,16,474,778,317.5
1396,89,2,16,474,778,317.5
1397,84,2,4,474,790,317.5
1398,78,11,1,465,751,307.0
1399,78,18,7,472,763,315.0
1400,78,11,7,479,763,315.0
1401,78,11,19,479,751,315.0
1402,0,0,0,0,0,0
1403,0,0,0,0,0,0
1404,0,0,0,0,0,0
1405,0,0,0,0,0,0
1406,0,0,0,0,0,0
1407,0,0,0,0,0,0
1408,78,227,7,476,787,374.25
1409,78,168,19,480,775,360.5
1410,0,0,0,0,0,0
1411,78,143,7,462,787,349.75
1412,89,56,7,473,770,326.5
1413,92,14,7,472,770,315.75
1414,89,2,4,474,790,317.5
1415,78,1,4,480,790,318.75
1416,84,3,18,473,776,317.5
1417,78,10,17,480,753,315.0
1418,78,1,4,475,757,309.25
1419,84,1,1,480,800,320.5
1420,84,4,1,472,775,313.0
1421,84,3,6,473,765,311.75
1422,84,3,6,473,765,311.75
1423,84,4,7,472,763,311.5
1424,84,4,7,472,763,311.5
1425,84,3,6,473,765,311.75
1426,84,3,6,473,765,311.75
1427,84,3,6,473,788,317.5
1428,84,1,1,479,775,314.0
1429,84,1,4,480,790,318.75
1430,78,4,7,472,763,311.5
1431,78,1,12,480,765,314.5
1432,84,3,6,473,765,311.75
1433,84,3,18,473,776,317.5
1434,89,1,19,479,775,318.5
1435,84,3,6,473,765,311.75
1436,84,3,6,473,765,311.75
1437,78,1,1,480,781,315.75
1438,84,1,7,479,763,312.5
1439,84,3,18,473,776,317.5
1440,89,1,19,479,775,318.5
1441,89,4,7,472,787,317.5
1442,89,1,7,479,787,318.5
1443,84,3,6,473,788,317.5
1444,89,1,7,479,787,318.5
1445,89,4,7,472,787,317.5
1446,84,1,7,479,787,318.5
1447,89,1,7,479,787,318.5
1448,89,3,6,473,788,317.5
1449,89,1,7,479,787,318.5
1450,78,4,7,472,787,317.5
1451,84,3,18,473,776,317.5
1452,84,1,7,479,787,318.5
1453,84,1,7,472,787,316.75
1454,89,4,7,472,787,317.5
1455,78,1,7,479,787,318.5
1456,0,0,0,0,0,0
1457,78,4,1,472,775,313.0
1458,84,10,6,466,788,317.5
1459,84,17,6,473,788,321.0
1460,89,25,24,480,787,329.0
1461,84,11,7,479,787,321.0
1462,84,13,24,480,787,326.0
1463,84,3,6,473,788,317.5
1464,0,0,0,0,0,0
1465,78,26,7,479,763,318.75
1466,0,0,0,0,0,0
1467,0,0,0,0,0,0
1468,0,0,0,0,0,0
1469,0,0,0,0,0,0
1470,0,0,0,0,0,0
1471,0,0,0,0,0,0
1472,0,0,0,0,0,0
1473,0,0,0,0,0,0
1474,0,0,0,0,0,0
1475,0,0,0,0,0,0
1476,0,0,0,0,0,0
1477,0,0,0,0,0,0
1478,0,0,0,0,0,0
1479,0,0,0,0,0,0
1480,0,0,0,0,0,0
1481,0,0,0,0,0,0
1482,0,0,0,0,0,0
1483,0,0,0,0,0,0
1484,0,0,0,0,0,0
1485,0,0,0,0,0,0
1486,0,0,0,0,0,0
1487,0,0,0,0,0,0
1488,78,19,7,480,763,317.25
1489,0,0,0,0,0,0
1490,0,0,0,0,0,0
1491,0,0,0,0,0,0
1492,0,0,0,0,0,0
1493,0,0,0,0,0,0
1494,0,0,0,0,0,0
1495,0,0,0,0,0,0
1496,0,0,0,0,0,0
1497,0,0,0,0,0,0
1498,0,0,0,0,0,0
1499,78,52,6,480,765,325.75
1500,0,0,0,0,0,0
1501,78,72,6,474,765,329.25
1502,0,0,0,0,0,0
1503,78,40,7,480,763,322.5
1504,78,26,1,479,775,320.25
1505,78,24,1,480,777,320.5
1506,0,0,0,0,0,0
1507,0,0,0,0,0,0
1508,0,0,0,0,0,0
1509,78,11,7,479,763,315.0
1510,78,24,6,480,765,318.75
1511,78,11,7,479,763,315.0
1512,78,24,17,480,753,318.5
1513,78,19,7,480,763,317.25
1514,78,24,6,480,765,318.75
1515,78,19,7,480,763,317.25
1516,78,19,7,480,763,317.25
1517,78,1,12,475,765,313.25
1518,78,10,17,466,753,311.5
1519,78,11,19,465,751,311.5
1520,78,17,6,473,765,315.25
1521,78,18,19,472,751,315.0
1522,78,10,6,466,765,311.75
1523,78,1,4,475,757,309.25
1524,78,18,19,472,751,315.0
1525,78,17,17,473,753,315.0
1526,78,17,17,473,753,315.0
1527,78,18,19,472,751,315.0
1528,78,18,7,472,763,315.0
1529,0,0,0,0,0,0
1530,78,17,6,473,765,315.25
1531,78,11,7,465,763,311.5
1532,78,18,7,472,763,315.0
1533,78,17,17,473,753,315.0
1534,78,11,7,465,763,311.5
1535,0,0,0,0,0,0
1536,0,0,0,0,0,0
1537,0,0,0,0,0,0
1538,0,0,0,0,0,0
1539,0,0,0,0,0,0
1540,78,1,19,465,775,315.0
1541,78,10,18,480,776,321.0
1542,78,20,45,478,785,332.0
1543,0,0,0,0,0,0
1544,0,0,0,0,0,0
1545,0,0,0,0,0,0
1546,0,0,0,0,0,0
1547,0,0,0,0,0,0
1548,0,0,0,0,0,0
1549,0,0,0,0,0,0
1550,0,0,0,0,0,0
1551,0,0,0,0,0,0
1552,0,0,0,0,0,0
1553,0,0,0,0,0,0
1554,0,0,0,0,0,0
1555,0,0,0,0,0,0
1556,0,0,0,0,0,0
1557,0,0,0,0,0,0
1558,78,3,6,473,765,311.75
1559,84,2,1,474,781,314.5
1560,78,10,6,480,765,315.25
1561,78,20,7,478,770,318.75
1562,78,32,16,476,778,325.5
1563,0,0,0,0,0,0
1564,0,0,0,0,0,0
1565,0,0,0,0,0,0
1566,78,20,47,478,765,327.5
1567,78,39,69,469,743,330.0
1568,0,0,0,0,0,0
1569,0,0,0,0,0,0
1570,78,40,19,480,751,322.5
1571,0,0,0,0,0,0
1572,0,0,0,0,0,0
1573,0,0,0,0,0,0
1574,0,0,0,0,0,0
1575,0,0,0,0,0,0
1576,0,0,0,0,0,0
1577,0,0,0,0,0,0
1578,0,0,0,0,0,0
1579,0,0,0,0,0,0
1580,0,0,0,0,0,0
1581,0,0,0,0,0,0
1582,0,0,0,0,0,0
1583,0,0,0,0,0,0
1584,0,0,0,0,0,0
1585,0,0,0,0,0,0
1586,0,0,0,0,0,0
1587,0,0,0,0,0,0
1588,0,0,0,0,0,0
1589,0,0,0,0,0,0
1590,0,0,0,0,0,0
1591,0,0,0,0,0,0
1592,0,0,0,0,0,0
1593,0,0,0,0,0,0
1594,0,0,0,0,0,0
1595,0,0,0,0,0,0
1596,0,0,0,0,0,0
1597,0,0,0,0,0,0
1598,0,0,0,0,0,0
1599,0,0,0,0,0,0
1600,0,0,0,0,0,0
1601,0,0,0,0,0,0
1602,0,0,0,0,0,0
1603,0,0,0,0,0,0
1604,0,0,0,0,0,0
1605,0,0,0,0,0,0
1606,0,0,0,0,0,0
1607,0,0,0,0,0,0
1608,0,0,0,0,0,0
1609,0,0,0,0,0,0
1610,0,0,0,0,0,0
1611,0,0,0,0,0,0
1612,0,0,0,0,0,0
1613,0,0,0,0,0,0
1614,0,0,0,0,0,0
1615,78,15,130,407,611,290.75
1616,78,4,182,418,623,306.75
1617,0,0,0,0,0,0
1618,78,15,37,461,724,309.25
1619,84,1,62,456,696,303.75
1620,89,1,21,469,738,307.25
1621,89,1,18,480,758,314.25
1622,84,1,18,480,758,314.25
1623,78,7,7,479,770,315.75
1624,0,0,0,0,0,0
1625,89,1,1,480,781,315.75
1626,92,4,1,472,775,313.0
1627,92,4,1,472,775,313.0
1628,89,1,7,472,763,310.75
1629,89,1,19,479,751,312.5
1630,84,1,19,479,751,312.5
1631,78,1,35,475,743,313.5
1632,78,1,54,475,740,317.5
1633,78,8,45,468,732,313.25
1634,78,8,54,468,740,317.5
1635,78,8,64,468,730,317.5
1636,78,8,64,468,730,317.5
1637,78,8,54,468,740,317.5
1638,78,8,54,468,740,317.5
1639,0,0,0,0,0,0
1640,0,0,0,0,0,0
1641,0,0,0,0,0,0
1642,0,0,0,0,0,0
1643,78,1,23,475,754,313.25
1644,78,1,23,475,754,313.25
1645,78,1,23,475,754,313.25
1646,78,1,32,475,762,317.5
1647,84,1,31,472,763,316.75
1648,78,1,32,480,762,318.75
1649,84,1,19,479,775,318.5
1650,89,4,19,472,775,317.5
1651,89,4,7,472,787,317.5
1652,89,4,19,472,775,317.5
1653,89,1,7,479,763,312.5
1654,78,10,17,480,753,315.0
1655,78,11,12,480,765,317.0
1656,78,26,19,480,751,319.0
1657,78,11,23,480,754,317.0
1658,78,40,19,480,751,322.5
1659,0,0,0,0,0,0
1660,78,18,35,477,743,318.25
1661,0,0,0,0,0,0
1662,0,0,0,0,0,0
1663,0,0,0,0,0,0
1664,0,0,0,0,0,0
1665,0,0,0,0,0,0
1666,0,0,0,0,0,0
1667,0,0,0,0,0,0
1668,0,0,0,0,0,0
1669,0,0,0,0,0,0
1670,78,17,29,473,765,321.0
1671,78,17,18,473,776,321.0
1672,84,7,76,479,772,333.5
1673,78,7,108,479,686,320.0
1674,84,7,63,479,660,302.25
1675,78,11,1,479,775,316.5
1676,78,4,30,472,740,311.5
1677,0,0,0,0,0,0
1678,0,0,0,0,0,0
1679,0,0,0,0,0,0
1680,0,0,0,0,0,0
1681,78,1,31,465,763,315.0
1682,78,1,32,475,762,317.5
1683,0,0,0,0,0,0
1684,78,17,41,473,777,327.0
1685,78,17,52,473,765,326.75
1686,0,0,0,0,0,0
1687,0,0,0,0,0,0
1688,78,45,17,473,753,322.0
1689,0,0,0,0,0,0
1690,0,0,0,0,0,0
1691,0,0,0,0,0,0
1692,0,0,0,0,0,0
1693,0,0,0,0,0,0
1694,0,0,0,0,0,0
1695,0,0,0,0,0,0
1696,0,0,0,0,0,0
1697,0,0,0,0,0,0
1698,0,0,0,0,0,0
1699,0,0,0,0,0,0
1700,0,0,0,0,0,0
1701,78,1,54,475,740,317.5
1702,0,0,0,0,0,0
1703,0,0,0,0,0,0
1704,0,0,0,0,0,0
1705,0,0,0,0,0,0
1706,0,0,0,0,0,0
1707,0,0,0,0,0,0
1708,0,0,0,0,0,0
1709,0,0,0,0,0,0
1710,0,0,0,0,0,0
1711,0,0,0,0,0,0
1712,0,0,0,0,0,0
1713,0,0,0,0,0,0
1714,0,0,0,0,0,0
1715,0,0,0,0,0,0
1716,0,0,0,0,0,0
1717,0,0,0,0,0,0
1718,0,0,0,0,0,0
1719,0,0,0,0,0,0
1720,0,0,0,0,0,0
1721,78,3,1,473,777,313.5
1722,0,0,0,0,0,0
1723,0,0,0,0,0,0
1724,0,0,0,0,0,0
1725,0,0,0,0,0,0
1726,0,0,0,0,0,0
1727,78,38,17,480,753,322.0
1728,84,39,7,469,770,321.25
1729,78,33,19,472,751,318.75
1730,78,46,31,473,763,328.25
1731,78,46,31,473,763,328.25
1732,78,58,29,460,765,328.0
1733,0,0,0,0,0,0
1734,78,53,31,466,763,328.25
1735,78,57,16,462,778,328.25
1736,0,0,0,0,0,0
1737,0,0,0,0,0,0
1738,0,0,0,0,0,0
1739,0,0,0,0,0,0
1740,0,0,0,0,0,0
1741,0,0,0,0,0,0
1742,0,0,0,0,0,0
1743,0,0,0,0,0,0
1744,0,0,0,0,0,0
1745,0,0,0,0,0,0
1746,0,0,0,0,0,0
1747,0,0,0,0,0,0
1748,0,0,0,0,0,0
1749,0,0,0,0,0,0
1750,0,0,0,0,0,0
1751,0,0,0,0,0,0
1752,0,0,0,0,0,0
1753,0,0,0,0,0,0
1754,0,0,0,0,0,0
1755,0,0,0,0,0,0
1756,0,0,0,0,0,0
1757,0,0,0,0,0,0
1758,0,0,0,0,0,0
1759,0,0,0,0,0,0
1760,0,0,0,0,0,0
1761,0,0,0,0,0,0
1762,0,0,0,0,0,0
1763,0,0,0,0,0,0
1764,0,0,0,0,0,0
1765,0,0,0,0,0,0
1766,0,0,0,0,0,0
1767,0,0,0,0,0,0
1768,0,0,0,0,0,0
1769,0,0,0,0,0,0
1770,0,0,0,0,0,0
1771,0,0,0,0,0,0
1772,0,0,0,0,0,0
1773,0,0,0,0,0,0
1774,0,0,0,0,0,0
1775,0,0,0,0,0,0
1776,0,0,0,0,0,0
1777,0,0,0,0,0,0
1778,0,0,0,0,0,0
1779,0,0,0,0,0,0
1780,0,0,0,0,0,0
1781,0,0,0,0,0,0
1782,0,0,0,0,0,0
1783,0,0,0,0,0,0
1784,0,0,0,0,0,0
1785,0,0,0,0,0,0
1786,0,0,0,0,0,0
1787,0,0,0,0,0,0
1788,0,0,0,0,0,0
1789,0,0,0,0,0,0
1790,78,2,1,474,781,314.5
1791,0,0,0,0,0,0
1792,0,0,0,0,0,0
1793,0,0,0,0,0,0
1794,0,0,0,0,0,0
1795,0,0,0,0,0,0
1796,0,0,0,0,0,0
1797,0,0,0,0,0,0
1798,0,0,0,0,0,0
1799,0,0,0,0,0,0
1800,0,0,0,0,0,0
1801,0,0,0,0,0,0
1802,0,0,0,0,0,0
1803,0,0,0,0,0,0
1804,78,2,1,474,773,312.5
1805,0,0,0,0,0,0
1806,78,2,7,474,770,313.25
1807,0,0,0,0,0,0
1808,78,2,1,474,781,314.5
1809,78,2,7,474,770,313.25
1810,0,0,0,0,0,0
1811,0,0,0,0,0,0
1812,78,9,7,467,770,313.25
1813,0,0,0,0,0,0
1814,0,0,0,0,0,0
1815,0,0,0,0,0,0
1816,0,0,0,0,0,0
1817,0,0,0,0,0,0
1818,0,0,0,0,0,0
1819,0,0,0,0,0,0
1820,0,0,0,0,0,0
1821,0,0,0,0,0,0
1822,0,0,0,0,0,0
1823,0,0,0,0,0,0
1824,0,0,0,0,0,0
1825,0,0,0,0,0,0
1826,0,0,0,0,0,0
1827,0,0,0,0,0,0
1828,0,0,0,0,0,0
1829,0,0,0,0,0,0
1830,0,0,0,0,0,0
1831,0,0,0,0,0,0
1832,78,25,12,451,368,214.0
1833,0,0,0,0,0,0
1834,0,0,0,0,0,0
1835,78,10,18,466,776,317.5
1836,84,14,7,472,770,315.75
1837,84,2,1,474,773,312.5
1838,78,10,6,480,765,315.25
1839,0,0,0,0,0,0
1840,0,0,0,0,0,0
1841,78,4,31,480,763,319.5
1842,78,1,12,480,765,314.5
1843,0,0,0,0,0,0
1844,0,0,0,0,0,0
1845,0,0,0,0,0,0
1846,0,0,0,0,0,0
1847,0,0,0,0,0,0
1848,0,0,0,0,0,0
1849,0,0,0,0,0,0
1850,0,0,0,0,0,0
1851,0,0,0,0,0,0
1852,0,0,0,0,0,0
1853,0,0,0,0,0,0
1854,0,0,0,0,0,0
1855,0,0,0,0,0,0
1856,0,0,0,0,0,0
1857,0,0,0,0,0,0
1858,0,0,0,0,0,0
1859,78,29,16,447,778,317.5
1860,78,16,18,460,758,313.0
1861,78,21,1,465,773,315.0
1862,0,0,0,0,0,0
1863,78,4,31,472,763,317.5
1864,0,0,0,0,0,0
1865,0,0,0,0,0,0
1866,0,0,0,0,0,0
1867,0,0,0,0,0,0
1868,0,0,0,0,0,0
1869,0,0,0,0,0,0
1870,0,0,0,0,0,0
1871,0,0,0,0,0,0
1872,0,0,0,0,0,0
1873,78,11,19,479,775,321.0
1874,84,1,19,479,775,318.5
1875,0,0,0,0,0,0
1876,84,4,19,472,775,317.5
1877,84,1,19,479,775,318.5
1878,78,1,12,475,765,313.25
1879,78,1,1,480,794,319.0
1880,78,1,6,452,765,306.0
1881,78,4,1,458,775,309.5
1882,78,4,7,458,763,308.0
1883,78,2,7,416,763,297.0
1884,84,4,7,458,763,308.0
1885,89,1,19,465,775,315.0
1886,92,1,7,472,787,316.75
1887,89,1,7,479,787,318.5
1888,84,1,4,475,757,309.25
1889,84,4,7,472,763,311.5
1890,92,1,7,479,787,318.5
1891,84,1,7,479,763,312.5
1892,78,1,32,480,762,318.75
1893,78,1,45,475,732,313.25
1894,84,1,31,479,763,318.5
1895,78,4,31,472,763,317.5
1896,84,1,30,479,740,312.5
1897,89,1,19,479,775,318.5
1898,89,1,19,479,775,318.5
1899,89,1,19,479,775,318.5
1900,89,4,7,472,763,311.5
1901,89,1,7,479,763,312.5
1902,84,1,19,479,775,318.5
1903,84,1,19,472,751,310.75
1904,84,1,19,465,775,315.0
1905,78,1,13,480,799,323.25
1906,78,4,7,472,763,311.5
1907,0,0,0,0,0,0
1908,78,1,31,479,763,318.5
1909,78,4,31,472,763,317.5
1910,78,1,54,479,764,324.5
1911,89,4,31,472,763,317.5
1912,92,4,7,472,787,317.5
1913,78,1,51,472,759,320.75
1914,78,1,43,479,775,324.5
1915,78,1,12,475,765,313.25
1916,0,0,0,0,0,0
1917,78,11,19,479,751,315.0
1918,78,11,19,479,751,315.0
1919,78,11,19,479,751,315.0
1920,78,1,19,465,751,309.0
1921,0,0,0,0,0,0
1922,0,0,0,0,0,0
1923,0,0,0,0,0,0
1924,78,2,1,474,773,312.5
1925,84,1,19,479,775,318.5
1926,78,1,32,475,762,317.5
1927,0,0,0,0,0,0
1928,0,0,0,0,0,0
1929,84,1,19,479,775,318.5
1930,0,0,0,0,0,0
1931,78,1,26,465,735,306.75
1932,0,0,0,0,0,0
1933,78,1,23,475,754,313.25
1934,78,1,26,475,735,309.25
1935,78,1,23,475,754,313.25
1936,0,0,0,0,0,0
1937,78,1,35,475,743,313.5
1938,78,1,35,475,743,313.5
1939,84,4,42,472,752,317.5
1940,78,1,15,475,746,309.25
1941,78,10,1,480,753,311.0
1942,78,1,18,465,728,303.0
1943,0,0,0,0,0,0
1944,0,0,0,0,0,0
1945,78,1,54,475,740,317.5
1946,0,0,0,0,0,0
1947,78,11,52,480,742,321.25
1948,78,1,62,475,749,321.75
1949,78,8,45,468,732,313.25
1950,0,0,0,0,0,0
1951,0,0,0,0,0,0
1952,78,13,27,480,767,321.75
1953,0,0,0,0,0,0
1954,0,0,0,0,0,0
1955,0,0,0,0,0,0
1956,0,0,0,0,0,0
1957,0,0,0,0,0,0
1958,0,0,0,0,0,0
1959,78,1,43,475,751,317.5
1960,78,1,35,475,743,313.5
1961,78,1,36,480,776,323.25
1962,78,1,35,475,743,313.5
1963,84,3,29,473,742,311.75
1964,84,1,16,480,778,318.75
1965,84,1,4,480,790,318.75
1966,89,4,19,472,775,317.5
1967,89,3,17,459,753,308.0
1968,84,3,17,473,753,311.5
1969,89,3,18,473,776,317.5
1970,89,11,19,479,775,321.0
1971,92,1,19,479,775,318.5
1972,89,11,7,479,763,315.0
1973,92,4,19,472,775,317.5
1974,92,1,19,479,775,318.5
1975,84,3,6,473,765,311.75
1976,84,11,19,479,775,321.0
1977,92,4,19,472,775,317.5
1978,89,4,7,472,787,317.5
1979,89,11,19,479,775,321.0
1980,92,4,7,472,787,317.5
1981,89,1,7,479,787,318.5
1982,89,1,1,479,775,314.0
1983,92,1,7,479,787,318.5
1984,89,4,1,472,775,313.0
1985,89,1,19,479,775,318.5
1986,89,1,19,479,775,318.5
1987,89,2,16,474,778,317.5
1988,89,4,31,472,763,317.5
1989,89,3,18,473,776,317.5
1990,89,2,29,474,747,313.0
1991,89,4,7,472,763,311.5
1992,78,4,31,472,763,317.5
1993,0,0,0,0,0,0
1994,0,0,0,0,0,0
1995,78,1,58,480,754,323.25
1996,78,1,58,480,754,323.25
1997,78,1,12,475,765,313.25
1998,78,1,47,480,765,323.25
1999,89,3,18,473,776,317.5
2000,84,1,78,480,752,327.75
2001,78,1,40,480,754,318.75
2002,89,1,43,479,775,324.5
2003,92,4,7,472,787,317.5
2004,78,1,12,475,765,313.25
2005,78,1,70,480,724,318.75
2006,78,1,23,475,754,313.25
2007,84,13,69,480,743,326.25
2008,89,7,49,479,745,320.0
2009,89,4,31,472,763,317.5
2010,84,10,29,480,765,321.0
2011,84,20,27,478,767,323.0
2012,78,10,29,480,765,321.0
2013,84,11,19,479,775,321.0
2014,89,4,19,472,775,317.5
2015,84,7,9,479,749,311.0
2016,84,13,31,480,727,312.75
2017,84,10,17,480,753,315.0
2018,89,7,9,479,749,311.0
2019,84,17,29,473,765,321.0
2020,89,10,29,480,765,321.0
2021,84,10,18,480,776,321.0
2022,89,7,16,479,778,320.0
2023,84,10,18,480,776,321.0
2024,78,10,29,480,765,321.0
2025,84,7,36,479,776,324.5
2026,78,10,29,480,765,321.0
2027,78,7,67,479,763,329.0
2028,78,1,56,480,773,327.5
2029,78,1,20,480,774,318.75
2030,84,1,31,479,763,318.5
2031,89,1,19,479,775,318.5
2032,78,1,16,480,778,318.75
2033,92,4,19,472,775,317.5
2034,89,3,18,473,776,317.5
2035,89,3,18,473,776,317.5
2036,78,7,27,479,767,320.0
2037,78,10,40,480,754,321.0
2038,89,4,19,472,775,317.5
2039,78,4,31,472,763,317.5
2040,84,13,16,480,778,321.75
2041,84,11,19,479,775,321.0
2042,89,3,18,473,776,317.5
2043,89,4,7,472,787,317.5
2044,89,4,7,472,763,311.5
2045,89,4,1,472,775,313.0
2046,89,2,1,474,781,314.5
2047,84,7,1,479,781,317.0
2048,89,20,9,478,749,314.0
2049,84,32,1,476,761,317.5
2050,89,20,1,478,781,320.0
2051,84,32,7,476,770,321.25
2052,84,32,1,476,781,322.5
2053,84,4,19,480,775,319.5
2054,84,1,16,480,778,318.75
2055,84,1,7,479,763,312.5
2056,89,4,31,472,763,317.5
2057,84,10,29,480,765,321.0
2058,92,10,18,480,776,321.0
2059,89,10,29,480,765,321.0
2060,92,4,19,472,775,317.5
2061,89,10,29,466,765,317.5
2062,92,4,19,472,775,317.5
2063,89,10,29,480,765,321.0
2064,92,3,29,473,765,317.5
2065,89,4,19,472,775,317.5
2066,92,3,29,473,765,317.5
2067,89,11,19,479,775,321.0
2068,89,1,1,480,794,319.0
2069,89,2,1,474,781,314.5
2070,89,11,7,479,763,315.0
2071,92,11,19,479,775,321.0
2072,95,4,7,472,787,317.5
2073,95,4,7,472,787,317.5
2074,95,11,7,465,787,317.5
2075,96,11,7,465,787,317.5
2076,95,4,7,472,787,317.5
2077,95,4,7,472,787,317.5
2078,92,4,19,472,775,317.5
2079,92,4,19,472,775,317.5
2080,92,4,19,472,775,317.5
2081,89,10,6,466,765,311.75
2082,92,14,7,472,770,315.75
2083,92,18,7,472,787,321.0
2084,92,20,24,478,787,327.25
2085,95,4,7,472,787,317.5
2086,92,4,7,472,787,317.5
2087,92,11,19,479,799,327.0
2088,95,4,7,472,787,317.5
2089,96,4,7,472,787,317.5
2090,84,4,19,472,775,317.5
2091,84,4,7,472,787,317.5
2092,78,19,19,480,775,323.25
2093,0,0,0,0,0,0
2094,78,4,31,472,763,317.5
2095,84,11,31,479,787,327.0
2096,92,11,19,479,775,321.0
2097,89,11,19,479,775,321.0
2098,84,32,47,476,765,330.0
2099,84,50,36,480,776,335.5
2100,84,87,19,476,775,339.25
2101,84,98,6,476,788,342.0
2102,78,123,6,479,788,349.0
2103,78,113,19,478,775,346.25
2104,0,0,0,0,0,0
2105,0,0,0,0,0,0
2106,0,0,0,0,0,0
2107,0,0,0,0,0,0
2108,0,0,0,0,0,0
2109,0,0,0,0,0,0
2110,0,0,0,0,0,0
2111,0,0,0,0,0,0
2112,0,0,0,0,0,0
2113,0,0,0,0,0,0
2114,0,0,0,0,0,0
2115,0,0,0,0,0,0
2116,0,0,0,0,0,0
2117,0,0,0,0,0,0
2118,0,0,0,0,0,0
2119,0,0,0,0,0,0
2120,0,0,0,0,0,0
2121,0,0,0,0,0,0
2122,0,0,0,0,0,0
2123,0,0,0,0,0,0
2124,0,0,0,0,0,0
2125,0,0,0,0,0,0
2126,0,0,0,0,0,0
2127,0,0,0,0,0,0
2128,0,0,0,0,0,0
2129,0,0,0,0,0,0
2130,0,0,0,0,0,0
2131,0,0,0,0,0,0
2132,0,0,0,0,0,0
2133,0,0,0,0,0,0
2134,78,11,24,438,368,210.25
2135,0,0,0,0,0,0
2136,0,0,0,0,0,0
2137,0,0,0,0,0,0
2138,0,0,0,0,0,0
2139,0,0,0,0,0,0
2140,0,0,0,0,0,0
2141,0,0,0,0,0,0
2142,0,0,0,0,0,0
2143,0,0,0,0,0,0
2144,0,0,0,0,0,0
2145,0,0,0,0,0,0
2146,0,0,0,0,0,0
2147,78,8,45,468,732,313.25
2148,0,0,0,0,0,0
2149,78,8,45,468,732,313.25
